-- Airbase étendu — données de test (R1.05 TD2, exercice 1)
-- Valeurs en MAJUSCULES sans diacritiques (convention du cours). Types d'appareil : A320, B747, ATR.
-- Jeu conçu pour que les divisions aient des réponses non triviales :
--   - l'avion 1 (A320) est piloté par TOUS les pilotes (Q4) ;
--   - NICE est desservie par tous les types d'appareil et depuis toutes les villes de départ (Q5, Q8) ;
--   - MARTIN a une formation sur TOUS les types (Q7) ; MARTIN et BERNARD couvrent au moins les
--     types du pilote 104 (Q9) ; LEROY n'a aucune formation (Q10) ; DUPONT est formé sur A320 et ATR (Q6).

INSERT INTO PILOTE (NUMPIL, NOMPIL, ADR, SALAIRE) VALUES (100, 'MARTIN', 'PARIS', 5000);
INSERT INTO PILOTE (NUMPIL, NOMPIL, ADR, SALAIRE) VALUES (101, 'DUPONT', 'LYON', 6000);
INSERT INTO PILOTE (NUMPIL, NOMPIL, ADR, SALAIRE) VALUES (102, 'DURAND', 'NICE', 5500);
INSERT INTO PILOTE (NUMPIL, NOMPIL, ADR, SALAIRE) VALUES (103, 'LEROY', 'MARSEILLE', 5200);
INSERT INTO PILOTE (NUMPIL, NOMPIL, ADR, SALAIRE) VALUES (104, 'BERNARD', 'PARIS', 7000);

INSERT INTO AVION (NUMAV, NOMAV, CAPACITE, LOCALISATION) VALUES (1, 'A320', 150, 'PARIS');
INSERT INTO AVION (NUMAV, NOMAV, CAPACITE, LOCALISATION) VALUES (2, 'A320', 150, 'LYON');
INSERT INTO AVION (NUMAV, NOMAV, CAPACITE, LOCALISATION) VALUES (3, 'B747', 400, 'PARIS');
INSERT INTO AVION (NUMAV, NOMAV, CAPACITE, LOCALISATION) VALUES (4, 'ATR', 70, 'NICE');

INSERT INTO VOL (NUMVOL, NUMPIL, NUMAV, VILLE_DEP, VILLE_ARR) VALUES (1, 100, 1, 'PARIS', 'NICE');
INSERT INTO VOL (NUMVOL, NUMPIL, NUMAV, VILLE_DEP, VILLE_ARR) VALUES (2, 101, 1, 'LYON', 'PARIS');
INSERT INTO VOL (NUMVOL, NUMPIL, NUMAV, VILLE_DEP, VILLE_ARR) VALUES (3, 102, 1, 'PARIS', 'LYON');
INSERT INTO VOL (NUMVOL, NUMPIL, NUMAV, VILLE_DEP, VILLE_ARR) VALUES (4, 103, 1, 'LYON', 'NICE');
INSERT INTO VOL (NUMVOL, NUMPIL, NUMAV, VILLE_DEP, VILLE_ARR) VALUES (5, 104, 1, 'PARIS', 'NICE');
INSERT INTO VOL (NUMVOL, NUMPIL, NUMAV, VILLE_DEP, VILLE_ARR) VALUES (6, 100, 3, 'LYON', 'NICE');
INSERT INTO VOL (NUMVOL, NUMPIL, NUMAV, VILLE_DEP, VILLE_ARR) VALUES (7, 101, 4, 'PARIS', 'NICE');
INSERT INTO VOL (NUMVOL, NUMPIL, NUMAV, VILLE_DEP, VILLE_ARR) VALUES (8, 102, 2, 'PARIS', 'LYON');

INSERT INTO STAGE (TYPE_F, NOMAV, CATEGORIE) VALUES ('TA', 'A320', 'JOUR');
INSERT INTO STAGE (TYPE_F, NOMAV, CATEGORIE) VALUES ('TB', 'B747', 'JOUR');
INSERT INTO STAGE (TYPE_F, NOMAV, CATEGORIE) VALUES ('TR', 'ATR', 'NUIT');

INSERT INTO FORMATION (NUMPIL, DATE, APPRECIATION, TYPE_F) VALUES (100, '2023-01-10', 'BIEN', 'TA');
INSERT INTO FORMATION (NUMPIL, DATE, APPRECIATION, TYPE_F) VALUES (100, '2023-02-15', 'TRES BIEN', 'TB');
INSERT INTO FORMATION (NUMPIL, DATE, APPRECIATION, TYPE_F) VALUES (100, '2023-03-20', 'BIEN', 'TR');
INSERT INTO FORMATION (NUMPIL, DATE, APPRECIATION, TYPE_F) VALUES (101, '2023-01-12', 'BIEN', 'TA');
INSERT INTO FORMATION (NUMPIL, DATE, APPRECIATION, TYPE_F) VALUES (101, '2023-04-05', 'PASSABLE', 'TR');
INSERT INTO FORMATION (NUMPIL, DATE, APPRECIATION, TYPE_F) VALUES (102, '2023-05-01', 'BIEN', 'TA');
INSERT INTO FORMATION (NUMPIL, DATE, APPRECIATION, TYPE_F) VALUES (104, '2023-02-10', 'BIEN', 'TA');
INSERT INTO FORMATION (NUMPIL, DATE, APPRECIATION, TYPE_F) VALUES (104, '2023-06-11', 'TRES BIEN', 'TB');
